codigo;nombre;costo_unitario;estado
0.0.2;AMBIENTADORES;4318.26;activo
0.0.5;ASPIRADORA INDUSTRIAL RIDGID;235330.80;activo
0.2.6;ARNES DE SEGURIDAD;26099.36;activo
0.6.10;ACEITE 15W-40 PARA MOTOR MARCA LUBRIC MOK;5865.24;activo
0.7.0;ACEITE CASTROL 10W-30;8541.61;activo
0.7.1;ACEITE DE TRNSMISION AUTOMATICO PLUS ULTRA;5694.41;activo
0.7.7;AV2000 MONTAFIX SATINADO A0647;12556.16;activo
1.9.2;"ARANDELA PLANA DE 1/2""";474.53;activo
10.0.6;ARENA LAVADA (SACO);327.43;activo
12.6.0;ANGULOS GALVANIZADOS DE HIERRO;16988.31;activo
12.8.0;"ANILLO 3/4X1/2"" DE A/F";218.29;activo
13.3.0;ANGULO BLANCO;806.71;activo
2.3.4;"ABRAZADERA DE 1/2 "" DE UNA PATA";308.45;activo
3.1.2;ASPIRADORA;NULL;activo
3.3.1;ANGULOS DE ALUMINIO;11863.35;activo
3.4.7;ANILLO 3/4 EMT;949.07;activo
3.4.8;"ANILLOS 1"" EMT";949.07;activo
3.8.4;ANILLOS 1/2 EMT;949.07;activo
3.9.7;ALARMAS ANTı-INCENDıOS;11863.35;activo
4.3.9;ANILLOS DE 1/2 DE ELECTRICIDAD;949.07;activo
5.1.2;ALICATE MANUAL;2491.30;activo
5.1.6;APAGADORES SENCILLOS;2923.13;activo
5.7.7;ASPIRADORA RIGI;189813.52;activo
5.8.1;ASPIRADORA ERGORAPIDO PEQUEÑA;32742.83;activo
0.0.4;BOLSAS DE PAPELERA;23.73;activo
0.5.2;1/4 DE BARNIZ SELLADOR NITRO CONCENTRADO ABRACOL;9016.14;activo
0.7.8;BANDEJA DE RODILLO GRANDE;3872.20;activo
0.7.9;BANDEJA DE RODILLO PEQUEÑA;2372.67;activo
1.6.4;"BROCHAS 5"" USADAS";2372.67;activo
1.7.6;BARNIZ MARCA REINCO;18981.35;activo
1.7.8;BARNIZ NATURAL;18981.35;activo
1.9.3;BLANCO SATINADO ESMALTE;21354.02;activo
1.9.5;BISAGRAS CUADRADAS PARA PUERTAS DE MADERA;5162.93;activo
11.0.3;BASE DE ANCLAJE DE 24X24X8MM;6088.27;activo
13.0.7;BLILLO DE SEDA BLANCO;28225.27;activo
2.10.0;BRILLO DE SEDA SOFITO A+B OFICIO;30650.14;activo
2.2.2;BRILLO DE SEDA BASE PASTEL CASA DE WILSON;17083.22;activo
2.2.3;BLANCO DURAZNO BRILLO DE SEDA;17083.22;activo
2.2.5;BASE PASTEL CAUCHO CASA WILSON;17083.22;activo
2.2.8;BLANCO MODERNO COD 6126;17083.22;activo
2.5.4;BOMBILLOS LED DE 12W;949.07;activo
2.7.2;BALDOSA LIVORCO BRILLANTE 59.4X5;1815.27;activo
2.9.9;BATIDORA;NULL;activo
3.0.3;BOMBA 1/2 HP;20879.49;activo
3.3.4;BASE DE FOTOCELDA;3796.27;activo
3.4.6;BOMBILLO DICROM;1423.60;activo
3.5.4;BALASTRO 24W;949.07;activo
3.5.8;BOLLA FLOTANTE;972.79;activo
3.6.0;BRAZO DE DUCHA 45°;1423.70;activo
3.8.6;BALASTRO 48W;2372.67;activo
4.1.2;"BROCHAS 2""";972.79;activo
4.1.3;BOBINA DE PAPEL CRAFT NUEVA;13879.31;activo
4.1.4;BRAGAS;17083.22;activo
4.4.4;"BROCHAS 5""";3153.82;activo
4.4.5;"BROCHAS 3""";987.03;activo
4.4.6;"BROCHAS 1""";488.26;activo
4.9.8;BASE PARA TELEVISOR CON RUEDAS;45503.03;activo
5.0.0;BOMBILLOS LED LARGOS;1751.38;activo
5.5.1;BREAKERS;26573.89;activo
5.5.2;BOLSAS NEGRAS;227.78;activo
9.6.5;BATERIA ALCALINA 9V MAXELL;NULL;activo
9.9.6;BATERIAS AA;474.53;activo
9.9.7;BOMBILLOS AHORADODES LED 9W;1955.08;activo
0.3.1;CERAMICA 1.20 X 60;10439.74;activo
0.3.4;CABLE THW 14;545.71;activo
0.3.5;CABLE THW 12;593.17;activo
0.9.3;"CAMISAS DE RODILLO MINIROLLER GOMA ESPUMA 4""";2609.94;activo
0.9.5;COBERTEX DE PISOS 3.79 LTS (LTRS);37962.70;activo
0.9.6;COLADOR DE PLASTICO BLANCO;1186.33;activo
0.9.9;CUÑETE DE PINTURA GRIS CONCRETO;42708.04;activo
1.7.1;CUÑETES DE PINTURA ROJA IMPERMEABILIZANTE;79028.86;activo
1.8.2;CUÑETE DE PINTURA IMPERMEABILIZANTE TERRACOTA;79028.86;activo
1.8.6;COLOR LADRILLO CAUCHO;16755.79;activo
1.9.4;"CLAVO DE ACERO DE 1"" (100 UND)";NULL;activo
10.0.5;CEMENTO GRIS DE 42.50KL;9016.14;activo
10.4.0;"CONECTORES DE 1"" MACHO";949.70;activo
10.7.0;CABILLA 5/8X12MTRS;23726.69;activo
11.0.1;CERCHA 10CMX6MTRS;NULL;activo
11.0.2;CERCHA 15CMX6MTRS;NULL;activo
11.0.8;CEMENTO VERDE 31953;NULL;activo
11.0.8;CAJETIN CUADRADO 3/4 DE 4X4 PLASTICO;949.07;activo
11.0.9;CANALETA 20X10 2MTS;NULL;activo
11.2.0;"CEPILLO DE TALADRO 3""";2135.40;activo
11.4.0;CAMISA NEGRA TALLA M;2339.45;activo
12.4.0;CERAMICA BLANCA DE 25X40;20.93;activo
13.3.0;CEDRO 2.30X14X2.5MM;18.00;activo
2.2.4;CROMATO DE ZINC VERDE;12.00;activo
2.3.8;CATALIZADOR DE 1/4;NULL;activo
2.4.0;COLCHONETAS;NULL;activo
2.9.4;CERA AUTOBRILLANTE;NULL;activo
3.1.5;CENTROPISO PLATEADO;10.01;activo
3.3.7;CAJETIN OCTAGONAL;5.00;activo
3.4.3;CONECTOR DE 1/2 EMT;2.50;activo
3.4.9;CANILLA DE PLASTICO;2.00;activo
3.5.5;CENTROPISO DORADO;6.00;activo
3.7.2;CONTACTOR DE 30;10.00;activo
3.7.5;CONTACTOR DE 40;10.00;activo
3.7.6;CONTACTOR DE 3 POLOS 4 VOLTEOS;15.00;activo
3.7.7;CONECTOR DE PRESION 1/2 EMT;2.50;activo
3.8.0;"CONECTOR MACHO 3/4 "" EMT";2.50;activo
3.8.2;COLADOR DE ENTRADA DE LA BOMBA;5.00;activo
3.8.7;CANILLAS DE ACERO;5.00;activo
3.8.9;CONDENSADORA DE ARRANQUE;12.00;activo
3.9.8;CINTAS LED;28.00;activo
4.0.0;CEPILLOS DE ALAMBRE NUEVO;3.00;activo
4.0.2;CURVAS EMT 3/4 90°;1.00;activo
4.0.3;"CURVAS PLASTICAS DE 1""";2.30;activo
4.0.4;CAJETINES DE ELECTRICIDAD 4X2;1.36;activo
4.0.5;CASCOS AZULES;5.00;activo
4.1.8;CASCOS GRISES;5.00;activo
4.1.9;CAMISA DE RODILLO PARA PARED TEXTURIZADA;4.92;activo
4.10.0;CAMISAS DE RODIILO TIPO ESMALTE;2.00;activo
4.3.0;CEPILLOS DE ALAMBRE USADOS;2.50;activo
4.3.6;"CURVAS DE METAL DE 1""";2.00;activo
4.3.7;CURVAS 3/4 DE METAL;5.00;activo
4.3.8;CARTUCHO DE TONER MARCA STAMRPRINT;NULL;activo
4.5.0;CASCOS BLANCOS;5.00;activo
4.5.2;CASCOS VERDES;5.00;activo
4.5.3;CASCOS AMARILLOS;5.00;activo
4.5.4;CAMISA DE RODILLO PARA PARED LISA;2.50;activo
4.5.5;CERRADURAS DE GAVETA;5.00;activo
4.6.2;CERRADURAS DE MUEBLE;4.00;activo
4.6.4;CORTAVIDRIOS;NULL;activo
4.7.3;CALIBRES FULMINANTES PARA DRYWALL;1.80;activo
4.8.3;CLAVOS CABEZA LISA;0.02;activo
4.8.6;CLAVOS DE ACERO;8.90;activo
4.8.7;CONECTORES RJ45 CATEGORIA SE 1/4;7.99;activo
5.1.4;CLAVOS FULMINANTES CON ARANDELA;0.08;activo
5.1.9;"CLAVOS RANURADOS DE 2""";6.27;activo
5.2.5;CEPILLOS CERDAS DURAS;5.00;activo
5.5.3;CEPILLOS CERDAS SUAVES;5.00;activo
5.5.4;CONECTORES EMT DE 3/4;2.63;activo
7.5.0;"CORNETAS DE 8"" PARA TECHO (USADAS)";60.00;activo
9.1.8;CERRADURA MANILLA BLUEXPRESS COD 6411 C/LL;2.70;activo
9.2.3;CUADROS DE PINTURA;NULL;activo
9.2.5;CERROJO CILIN/MARIP ROSET/D;NULL;activo
9.2.7;"CURVA PVC DE 1/2""";8.00;activo
9.2.8;"CLAVOS PUNTA PARIS 1"" 1/2X14";3.44;activo
9.3.0;CINTA ANTIRESBALANTER 3M;12.64;activo
1.7.8;CLAVOS DULCES DE 2 1/2X12;5.94;activo
0.0.1;"DISCOS DE CORTE PARA CONCRETO DE 7""";6.50;activo
13.0.3;DISPENSADOR ESPIRAL ALL CLEAN;52.00;activo
13.0.4;DESENGRASANTE;4.28;activo
3.3.8;DISPENSADOR DE JABON;48.00;activo
3.7.0;DESVIADOR PARA FREGADERO DE ACERO INOXIDABLE;3.00;activo
3.9.2;DESAGÜE PARA LAVAMANOS DE ACERO;5.00;activo
3.9.5;DRIVER TIPO BALASTRO;NULL;activo
4.8.5;DISCOS FLAP;4.00;activo
5.4.5;DISCOS MORADOS QUITA PINTURAS;4.00;activo
5.4.6;"DISCO DE CORTE DE 7""";2.23;activo
5.4.7;"DISCOS DE CORTE DE 4 1/2""";0.78;activo
5.4.9;"DISCO PARA TRONZADORA 14""";5.43;activo
5.7.2;"DISCO DE SIERRA DE 4""";5.30;activo
5.7.4;DEKORAL SATINADO;25.05;activo
5.7.4;DEKORAL SATINADO;25.05;activo
5.8.0;DETERGENTE LÍQUIDO;12.50;activo
6.0.1;"DISCO DE CORTE 4 1/2""";0.78;activo
6.0.2;"DISCO DE CORTE 7""";2.23;activo
6.0.3;"DISCO PARA TRONZADORA 14""";5.43;activo
6.1.0;"DISCO DE SIERRA 4""";5.30;activo
6.2.0;DISCO FLAP;4.00;activo
6.3.0;DISCO MORADO QUITA PINTURAS;4.00;activo
6.4.0;"DISCO DE CORTE 7""";2.23;activo
6.5.0;"DISCOS DE CORTE 4 1/2""";0.78;activo
6.6.0;"DISCO PARA TRONZADORA 14""";5.43;activo
6.7.0;"DISCO SIERRA 4""";5.30;activo
6.8.0;DETERGENTE EN POLVO;8.00;activo
7.0.0;ESPATULA PLANA;1.20;activo
7.1.0;ESPATULA ANGULAR;1.50;activo
7.2.0;"ESMERIL 4 1/2""";45.00;activo
7.3.0;"ESMERIL 7""";120.00;activo
7.4.0;ESTRIBO METALICO;3.00;activo
7.5.0;ESTOPA PARA LIMPIEZA;2.50;activo
7.6.0;EXTRACTOR DE TORNILLOS;6.00;activo
7.7.0;FILTRO DE AIRE;15.00;activo
7.8.0;FLEXOMETRO 5M;4.50;activo
7.9.0;FLEXOMETRO 10M;8.00;activo
8.0.0;GAFAS DE SEGURIDAD;3.75;activo
8.1.0;GUANTES DE NITRILO;2.20;activo
8.2.0;GUANTES DE CUERO;4.50;activo
8.3.0;GRASA MULTIUSO 400G;6.80;activo
8.4.0;GRASA LITIO 1KG;18.00;activo
8.5.0;"GRIFO DE 1/2""";7.50;activo
8.6.0;"GRIFO DE 3/4""";9.00;activo
8.7.0;HERRAMIENTA MULTIUSO;25.00;activo
8.8.0;HIDROLAVADORA PORTATIL;350.00;activo
8.9.0;HERRAMIENTAS MANUALES SET;45.00;activo
9.0.0;ILUMINACION LED 12W;10.50;activo
9.1.0;ILUMINACION LED 9W;9.00;activo
9.2.0;INTERRUPTOR DOBLE;1.80;activo
9.3.0;INTERRUPTOR SIMPLE;1.20;activo
9.4.0;JUEGO DE LLAVES;12.00;activo
9.5.0;JUEGO DE DESTORNILLADORES;8.50;activo
9.6.0;JERINGA PARA PEGAMENTO;0.60;activo
9.7.0;KIT DE REPARACION;14.00;activo
9.8.0;KIT DE HERRAMIENTAS BASICO;22.00;activo
9.9.0;LAMPARA PORTATIL;18.00;activo
10.0.0;MALLA METALICA 1M;7.20;activo
10.1.0;MALLA METALICA 2M;13.50;activo
10.2.0;MARTILLO 1KG;6.00;activo
10.3.0;MARTILLO 2KG;9.50;activo
10.4.0;MASILLA BLANCA 1KG;4.20;activo
10.5.0;MASILLA 5KG;18.00;activo
10.6.0;MEZCLA PARA CEMENTO 25KG;7.00;activo
10.7.0;MORTERO PREMEZCLADO 20KG;9.50;activo
10.8.0;NIVEL DE BURBUJA 60CM;5.00;activo
10.9.0;NIVEL LASER;120.00;activo
11.0.0;PALETA DE ALBAÑIL;3.00;activo
11.1.0;PALA DE MANO;4.50;activo
11.2.0;PINTURA BLANCA 1GL;7.80;activo
11.3.0;PINTURA BLANCA 4GL;28.00;activo
11.4.0;PINTURA COLOR 1GL;9.50;activo
11.5.0;PINTURA COLOR 4GL;34.00;activo
11.6.0;PINTURA ANTIOXIDANTE 1GL;12.00;activo
11.7.0;PINTURA ESMALTE 1GL;15.00;activo
11.8.0;PINTURA ESMALTE 4GL;55.00;activo
11.9.0;"PLACA DE YESO 1/2""";6.00;activo
12.0.0;"PLACA DE YESO 5/8""";8.50;activo
12.1.0;PLASTICO PROTECTOR 2M;2.00;activo
12.2.0;PLASTICO PROTECTOR 4M;3.50;activo
12.3.0;PLOMO PARA SOLDAR 1KG;9.00;activo
12.4.0;PLOMO PARA SOLDAR 250G;2.50;activo
12.5.0;PLOMERIA KIT BASICO;20.00;activo
12.6.0;PUERTA METALICA 80X200;150.00;activo
12.7.0;PUERTA MADERA 80X200;120.00;activo
12.8.0;REGLETA ELECTRICA 4 TOMAS;3.20;activo
12.9.0;REGLETA INDUSTRIAL 8 TOMAS;8.50;activo
13.0.0;RODILLO PARA PARED;2.50;activo
13.1.0;RODILLO PARA TECHO;3.00;activo
13.2.0;RODILLO MINI;1.20;activo
13.3.0;SILICONA TRANSPARENTE 300ML;4.00;activo
13.4.0;SILICONA BLANCA 300ML;4.00;activo
13.5.0;SILICONA NEGRA 300ML;4.00;activo
13.6.0;SOPORTE PARA ESTANTES;1.50;activo
13.7.0;"SOPORTE TELEVISOR 32-55""";25.00;activo
13.8.0;"TALADRO PERCUTOR 1/2""";85.00;activo
13.9.0;TALADRO INALAMBRICO 18V;150.00;activo
14.0.0;TALADRO DE BANCO;320.00;activo
14.1.0;TALADRO INDUSTRIAL 2HP;950.00;activo
14.2.0;TAPAJUNTAS 10M;6.00;activo
14.3.0;TAPAJUNTAS 20M;11.00;activo
14.4.0;TAPAJUNTAS 50M;25.00;activo
14.5.0;TARJETA DE MEMORIA 32GB;12.00;activo
14.6.0;TARJETA DE MEMORIA 64GB;20.00;activo
14.7.0;TARJETA DE MEMORIA 128GB;35.00;activo
14.8.0;TAPON DE SILICONA;0.50;activo
14.9.0;"TUBO PVC 1/2"" 3M";2.00;activo
15.0.0;"TUBO PVC 3/4"" 3M";3.50;activo
15.1.0;"TUBO PVC 1"" 3M";5.00;activo
15.2.0;TUERCAS Y TORNILLOS KIT;6.00;activo
15.3.0;"VÁLVULA DE RETENCIÓN 1/2""";8.00;activo
15.4.0;"VÁLVULA DE RETENCIÓN 3/4""";10.00;activo
15.5.0;"VENTILADOR INDUSTRIAL 18""";120.00;activo
15.6.0;"VENTILADOR DOMESTICO 16""";45.00;activo
15.7.0;ZAPATILLAS DE SEGURIDAD;25.00;activo
15.8.0;ZAPATILLAS ANTIDESLIZANTES;22.00;activo
15.9.0;KIT DE PRIMEROS AUXILIOS;18.00;activo
16.0.0;KIT DE HERRAMIENTAS PROFESIONAL;85.00;activo
16.1.0;SOPORTE PARA TALADRO;6.50;activo
16.2.0;"DISCO DE CORTE DIAMANTE 4""";18.00;activo
16.3.0;CABLE DE EXTENSION 10M;12.00;activo
16.4.0;CABLE DE EXTENSION 20M;20.00;activo
16.5.0;REGLETA INDUSTRIAL 16A;9.00;activo
16.6.0;SOPORTE PARA MANGUERA;4.50;activo
16.7.0;MANGUERA DE JARDIN 20M;14.00;activo
16.8.0;MANGUERA DE JARDIN 30M;20.00;activo
16.9.0;BOMBA SUMERGIBLE 1HP;120.00;activo
17.0.0;BOMBA SUMERGIBLE 1/2HP;85.00;activo
17.1.0;BOMBA CENTRIFUGA 1HP;150.00;activo
17.2.0;BOMBA CENTRIFUGA 2HP;260.00;activo
17.3.0;SILENCIADOR PARA BOMBA;18.00;activo
17.4.0;"FILTRO DE AGUA 10""";25.00;activo
17.5.0;"FILTRO DE AGUA 20""";40.00;activo
17.6.0;"VÁLVULA DE BOLA 1/2""";3.50;activo
17.7.0;"VÁLVULA DE BOLA 3/4""";5.00;activo
17.8.0;"VÁLVULA DE BOLA 1""";7.50;activo
17.9.0;SIFÓN PARA LAVAMANOS;4.00;activo
18.0.0;GRIFO MEZCLADOR COCINA;35.00;activo
18.1.0;GRIFO LAVAMANOS;18.00;activo
18.2.0;SOPORTE PARA DUCHA;6.00;activo
18.3.0;CARTUCHO MEZCLADOR;12.00;activo
18.4.0;TANQUE SANITARIO 6L;45.00;activo
18.5.0;TANQUE SANITARIO 9L;60.00;activo
18.6.0;INODORO CERÁMICO;120.00;activo
18.7.0;LAVAMANOS CERÁMICO;75.00;activo
18.8.0;MUEBLE BAJO LAVAMANOS;95.00;activo
18.9.0;ESPEJO BAÑO 60X80;30.00;activo
19.0.0;CERRADURA PUERTA EXTERIOR;18.00;activo
19.1.0;CERRADURA PUERTA INTERIOR;9.00;activo
19.2.0;MANILLA PUERTA;6.00;activo
19.3.0;"BISAGRA PUERTA 4""";2.50;activo
19.4.0;"BISAGRA PUERTA 6""";3.50;activo
19.5.0;TIRADOR MUEBLE;1.20;activo
19.6.0;CERRADURA GAVETA;2.00;activo
19.7.0;CERRADURA SEGURIDAD;25.00;activo
19.8.0;CANDADO 50MM;8.00;activo
19.9.0;CANDADO 70MM;12.00;activo
20.0.0;SILICONA TRANSPARENTE 100ML;1.50;activo
20.1.0;PEGAMENTO EPOXI 50ML;4.00;activo
20.2.0;PEGAMENTO CONTACTO 250ML;6.50;activo
20.3.0;SELLADOR ACRILICO 300ML;3.20;activo
20.4.0;SELLADOR POLIURETANO 300ML;5.50;activo
20.5.0;CINTA AISLANTE 10M;0.80;activo
20.6.0;CINTA DOBLE FAZ 5M;1.20;activo
20.7.0;CINTA METALICA 10M;6.00;activo
20.8.0;CINTA DE EMBALAJE 48MM;0.90;activo
20.9.0;BOLSA PLASTICA 50X70;0.30;activo
21.0.0;BOLSA BASURA 60L;0.40;activo
21.1.0;BOLSA BASURA 120L;1.00;activo
21.2.0;GUANTES DE NITRILO TALLA L;2.50;activo
21.3.0;GUANTES DE NITRILO TALLA M;2.20;activo
21.4.0;GUANTES DE NITRILO TALLA S;2.00;activo
21.5.0;BOTAS DE SEGURIDAD TALLA 42;35.00;activo
21.6.0;BOTAS DE SEGURIDAD TALLA 44;38.00;activo
21.7.0;CHALECO REFLECTANTE;8.00;activo
21.8.0;CASCO SEGURIDAD CON VISOR;22.00;activo
21.9.0;PROTECTOR AUDITIVO;3.50;activo
22.0.0;EXTINTOR 2KG;25.00;activo
22.1.0;EXTINTOR 5KG;45.00;activo
22.2.0;SEÑALIZACION DE SEGURIDAD;2.50;activo
22.3.0;BOTIQUIN EMPRESA;30.00;activo
22.4.0;LINTERNA LED RECARGABLE;12.00;activo
22.5.0;BATERIA RECARGABLE AA;1.50;activo
22.6.0;BATERIA RECARGABLE AAA;1.20;activo
22.7.0;CARGADOR BATERIAS AA/AAA;8.00;activo
22.8.0;CABLE USB 1M;2.00;activo
22.9.0;CABLE USB 2M;3.50;activo
23.0.0;ADAPTADOR ENCHUFE UNIVERSAL;6.00;activo
23.1.0;REGULADOR VOLTAJE 1000W;45.00;activo
23.2.0;UPS 600VA;85.00;activo
23.3.0;UPS 1200VA;150.00;activo
23.4.0;PLACA SOLAR 100W;120.00;activo
23.5.0;CONTROLADOR SOLAR 20A;35.00;activo
23.6.0;BATERIA GEL 12V 100AH;220.00;activo
23.7.0;INVERSOR 12V A 220V 1000W;180.00;activo
23.8.0;CONECTOR MC4;1.20;activo
23.9.0;CABLE SOLAR 6MM 1M;0.90;activo
24.0.0;SILICONA ALTA TEMPERATURA 300ML;6.00;activo
24.1.0;PASTA TERMICA 10G;3.00;activo
24.2.0;TERMOMETRO DIGITAL;12.00;activo
24.3.0;HIGROMETRO DIGITAL;10.00;activo
24.4.0;MANOMETRO 0-10 BAR;18.00;activo
24.5.0;"VÁLVULA DE SEGURIDAD 1/2""";9.00;activo
24.6.0;"VÁLVULA DE SEGURIDAD 3/4""";12.00;activo
24.7.0;SENSOR DE NIVEL;22.00;activo
24.8.0;SENSOR DE PRESION;30.00;activo
24.9.0;SENSOR DE TEMPERATURA;15.00;activo
25.0.0;KIT DE REPARACION DE MANGUERAS;7.50;activo
25.1.0;JUNTA TORICA KIT;2.00;activo
25.2.0;"ARANDELA PLANA 1/2"" (100UND)";4.50;activo
25.3.0;"TUERCA 1/2"" (100UND)";6.00;activo
25.4.0;"TORNILLO 1/4"" (100UND)";5.00;activo
25.5.0;TACO DE ANCLAJE 10MM (50UND);3.50;activo
25.6.0;TACO DE ANCLAJE 12MM (50UND);4.00;activo
25.7.0;CINTA METALICA 25M;10.00;activo
25.8.0;CABLE DE ACERO 3MM 10M;18.00;activo
25.9.0;CABLE DE ACERO 5MM 10M;30.00;activo
26.0.0;BANDA TRANSMISION 10MM;6.00;activo
26.1.0;BANDA TRANSMISION 20MM;10.00;activo
26.2.0;POLEA 50MM;8.00;activo
26.3.0;POLEA 80MM;12.00;activo
26.4.0;RODAMIENTO 6204;4.50;activo
26.5.0;RODAMIENTO 6205;6.00;activo
26.6.0;EJE 12MM 1M;15.00;activo
26.7.0;"ACOPLE FLEXIBLE 1/2""";9.00;activo
26.8.0;SILENTBLOCK 20MM;3.50;activo
26.9.0;KIT DE CORREAS;25.00;activo
27.0.0;SENSOR DE HUMEDAD;28.00;activo
27.1.0;SENSOR DE MOVIMIENTO PIR;18.00;activo
27.2.0;RELE 12V;4.50;activo
27.3.0;RELE 24V;5.50;activo
27.4.0;PLACA RELAY 4 CANALES;12.00;activo
27.5.0;MODULO WIFI ESP8266;6.00;activo
27.6.0;MODULO BLUETOOTH HC-05;5.00;activo
27.7.0;DISPLAY LCD 16X2;7.50;activo
27.8.0;"DISPLAY OLED 0.96""";9.00;activo
27.9.0;ARDUINO UNO;18.00;activo
28.0.0;RASPERRY PI 4 4GB;75.00;activo
28.1.0;CABLE HDMI 1.5M;4.00;activo
28.2.0;CARGADOR USB 5V 2A;6.00;activo
28.3.0;BATERIA LIPO 3.7V 2200MAH;12.00;activo
28.4.0;SOPORTE IMPRESORA 3D;25.00;activo
28.5.0;FILAMENTO PLA 1KG;18.00;activo
28.6.0;BOQUILLA 0.4MM;3.00;activo
28.7.0;CINTA KAPTON 20MM;2.50;activo
28.8.0;TERMISTOR 100K;1.20;activo
28.9.0;VENTILADOR 40X40;2.50;activo
29.0.0;SOPORTE PARED TV 32-55;20.00;activo
29.1.0;SOPORTE PARED TV 55-75;35.00;activo
29.2.0;CABLE COAXIAL 10M;6.00;activo
29.3.0;ANTENA TV EXTERIOR;25.00;activo
29.4.0;AMPLIFICADOR DE SEÑAL TV;45.00;activo
29.5.0;REGLETA PROTECCION 6 TOMAS;9.00;activo
29.6.0;SUPRESOR PICOS 3 TOMAS;12.00;activo
29.7.0;CARGADOR PORTATIL 10000MAH;18.00;activo
29.8.0;POWER BANK 20000MAH;28.00;activo
29.9.0;ADAPTADOR USB-C A HDMI;9.00;activo
30.0.0;CABLE ETHERNET CAT6 1M;1.20;activo
30.1.0;CABLE ETHERNET CAT6 5M;3.50;activo
30.2.0;SWITCH 8 PUERTOS;25.00;activo
30.3.0;ROUTER WIFI DUAL BAND;45.00;activo
30.4.0;ANTENA WIFI 5DBI;6.00;activo
30.5.0;DISCO DURO EXTERNO 1TB;55.00;activo
30.6.0;DISCO SSD 500GB;65.00;activo
30.7.0;MEMORIA RAM 8GB DDR4;35.00;activo
30.8.0;FUENTE PC 500W;40.00;activo
30.9.0;TECLADO MECANICO;30.00;activo
31.0.0;MOUSE INALAMBRICO;12.00;activo
31.1.0;"MONITOR 24\ LED""";120.00;activo
31.2.0;"MONITOR 27\ LED""";180.00;activo
31.3.0;SILLA ERGONOMICA;150.00;activo
31.4.0;MESA DE TRABAJO 120X60;85.00;activo
31.5.0;LAMPARA DE ESCRITORIO LED;18.00;activo
31.6.0;EXTENSION MULTIPLE 10M;8.00;activo
31.7.0;CABLE HDMI 3M;6.50;activo
31.8.0;ADAPTADOR VGA A HDMI;9.50;activo
31.9.0;BASE REFRIGERANTE PORTATIL;22.00;activo
32.0.0;IMPRESORA INKJET;85.00;activo
32.1.0;IMPRESORA LASER;220.00;activo
32.2.0;TONER GENERICO HP;35.00;activo
32.3.0;CARTUCHO INK BLACK;12.00;activo
32.4.0;CARTUCHO INK COLOR;15.00;activo
32.5.0;PAPEL A4 500 HOJAS;6.50;activo
32.6.0;SOBRE MANILA 100UND;4.00;activo
32.7.0;ETIQUETAS ADHESIVAS 100UND;3.50;activo
32.8.0;ROTULADOR PERMANENTE;1.20;activo
32.9.0;MARCADOR PIZARRA;1.00;activo
33.0.0;CINTA ADHESIVA TRANSPARENTE 48MM;0.90;activo
33.1.0;CINTA MASKING 24MM;0.80;activo
33.2.0;SILICONA CALIENTE 11MM;2.50;activo
33.3.0;PISTOLA SILICONA;6.00;activo
33.4.0;BROCHA 2\ PARA PINTURA;1.50;activo
33.5.0;BROCHA 3\ PARA PINTURA;2.00;activo
33.6.0;RODILLO 9;3.00;activo
33.7.0;BANDEJA RODILLO 9;2.50;activo
33.8.0;ESPATULA 6;1.80;activo
33.9.0;LANA DE ACERO;0.90;activo
34.0.0;ACEITE LUBRICANTE 1L;8.00;activo
34.1.0;ACEITE LUBRICANTE 5L;35.00;activo
34.2.0;GRASA SILICONA 100G;4.50;activo
34.3.0;LIMPIADOR MULTIUSO 1L;5.00;activo
34.4.0;DESENGRASANTE INDUSTRIAL 5L;28.00;activo
34.5.0;PAÑO MICROFIBRA;1.20;activo
34.6.0;CEPILLO LIMPIEZA;2.50;activo
34.7.0;KIT LIMPIEZA ELECTRONICA;12.00;activo
34.8.0;ALICATE PUNTA;6.00;activo
34.9.0;ALICATE CORTE;6.50;activo
35.0.0;LLAVE AJUSTABLE 10;12.00;activo
35.1.0;LLAVE FIJA 14MM;3.50;activo
35.2.0;JUEGO LLAVES ALLEN;8.00;activo
35.3.0;SOPORTE MOTOR;45.00;activo
35.4.0;CORREA V 13MM;4.50;activo
35.5.0;CORREA V 20MM;6.00;activo
35.6.0;POLEA METALICA 30MM;9.00;activo
35.7.0;ENGRANAJE 20 DIENTES;7.50;activo
35.8.0;SENSOR ULTRASONICO HC-SR04;2.50;activo
35.9.0;MODULO GSM SIM800L;18.00;activo
36.0.0;ANTENA GSM 2DBI;3.00;activo
36.1.0;CABLE COAXIAL RG6 20M;18.00;activo
36.2.0;CONECTOR F RG6;0.50;activo
36.3.0;CONECTOR BNC;0.60;activo
36.4.0;CAMARA IP 2MP;45.00;activo
36.5.0;NVR 4 CANALES;120.00;activo
36.6.0;DISCO DVR 1TB;55.00;activo
36.7.0;SOPORTE CAMARA DOMO;8.00;activo
36.8.0;CABLE UTP 305M;85.00;activo
36.9.0;PATCH PANEL 24 PUERTOS;35.00;activo
37.0.0;FUSIBLE 5A;0.30;activo
37.1.0;FUSIBLE 10A;0.35;activo
37.2.0;PORTAFUSIBLE;1.20;activo
37.3.0;TERMINAL DE BATERIA;0.80;activo
37.4.0;CABLE BATERIA 25MM 1M;6.00;activo
37.5.0;CABLE BATERIA 35MM 1M;9.00;activo
37.6.0;PINZA AMPERIMETRO;45.00;activo
37.7.0;MULTIMETRO DIGITAL;18.00;activo
37.8.0;SOLDADOR 60W;22.00;activo
37.9.0;ESTACION SOLDADURA;85.00;activo
38.0.0;ALAMBRE ESTAÑADO 0.8MM;3.50;activo
38.1.0;FLUX SOLDADURA 50ML;2.50;activo
38.2.0;PAPEL ALUMINIO 30CMX10M;1.80;activo
38.3.0;CINTA TERMICA 10MM;1.20;activo
38.4.0;TERMOCONTRAIBLE 1M;0.90;activo
38.5.0;CONECTOR RAPIDO 2 PIN;0.40;activo
38.6.0;CONECTOR RAPIDO 3 PIN;0.60;activo
38.7.0;BORNE DE CONEXION 2P;0.50;activo
38.8.0;BORNE DE CONEXION 3P;0.80;activo
38.9.0;PLACA PROTOTIPO 400 PUNTOS;3.00;activo
39.0.0;CABLE SILICONA 1.5MM 1M;1.20;activo
39.1.0;CABLE SILICONA 2.5MM 1M;1.80;activo
39.2.0;CABLE SILICONA 4MM 1M;2.50;activo
39.3.0;CONDUCTOR FLEXIBLE 10MM 1M;4.00;activo
39.4.0;CONDUCTOR FLEXIBLE 16MM 1M;6.50;activo
39.5.0;TERMINAL OJO 10MM;0.05;activo
39.6.0;TERMINAL OJO 8MM;0.04;activo
39.7.0;TERMINAL OJO 6MM;0.03;activo
39.8.0;CINTA AISLANTE 20M;1.50;activo
39.9.0;CABLE NYA 2.5MM 100M;45.00;activo
40.0.0;CABLE NYA 4MM 100M;70.00;activo
40.1.0;CABLE NYA 6MM 100M;120.00;activo
40.2.0;CABLE NYA 10MM 100M;180.00;activo
40.3.0;TUBERIA CONDUIT 20MM 3M;4.50;activo
40.4.0;TUBERIA CONDUIT 25MM 3M;6.00;activo
40.5.0;CAJA DE EMPALME 4X4;2.50;activo
40.6.0;CAJA DE EMPALME 6X6;3.50;activo
40.7.0;SOPORTE PARA CAJA;1.20;activo
40.8.0;ABRAZADERA METALICA 1/2;0.30;activo
40.9.0;ABRAZADERA METALICA 3/4;0.40;activo
41.0.0;TUBO FLEXIBLE 1/2 3M;2.00;activo
41.1.0;TUBO FLEXIBLE 3/4 3M;3.00;activo
41.2.0;TUBO FLEXIBLE 1 3M;4.50;activo
41.3.0;SOPORTE PARA TUBO;0.80;activo
41.4.0;CODO PVC 1/2;0.50;activo
41.5.0;CODO PVC 3/4;0.70;activo
41.6.0;CODO PVC 1;1.00;activo
41.7.0;REDUCCION PVC 3/4 A 1/2;0.90;activo
41.8.0;TE PVC 1/2;0.80;activo
41.9.0;TE PVC 3/4;1.10;activo
42.0.0;VALVULA ESFERA PVC 1/2;2.50;activo
42.1.0;VALVULA ESFERA PVC 3/4;3.50;activo
42.2.0;VALVULA ESFERA PVC 1;5.00;activo
42.3.0;SIFON PVC 1/2;1.20;activo
42.4.0;SIFON PVC 3/4;1.80;activo
42.5.0;SOPORTE PARA GRIFO;0.60;activo
42.6.0;JUNTA DE GOMA 1/2;0.05;activo
42.7.0;JUNTA DE GOMA 3/4;0.07;activo
42.8.0;JUNTA DE GOMA 1;0.10;activo
42.9.0;CONECTOR RAPIDO 1/2;0.90;activo
43.0.0;CONECTOR RAPIDO 3/4;1.20;activo
43.1.0;CONECTOR RAPIDO 1;1.80;activo
43.2.0;ABRAZADERA PLASTICA 20MM;0.15;activo
43.3.0;ABRAZADERA PLASTICA 25MM;0.18;activo
43.4.0;ABRAZADERA PLASTICA 32MM;0.25;activo
43.5.0;SOPORTE PARED 1/2;0.40;activo
43.6.0;SOPORTE PARED 3/4;0.60;activo
43.7.0;SOPORTE PARED 1;0.80;activo
43.8.0;CINTA TEFLON 12MM;0.30;activo
43.9.0;CINTA TEFLON 24MM;0.50;activo
44.0.0;BOMBA MANUAL AGUA;18.00;activo
44.1.0;BOMBA DE PISCINA 1HP;220.00;activo
44.2.0;FILTRO ARENA 500MM;150.00;activo
44.3.0;MOTOR ELECTRICO 1HP;180.00;activo
44.4.0;MOTOR ELECTRICO 2HP;320.00;activo
44.5.0;ACOPLE MOTOR 1/2;12.00;activo
44.6.0;ACOPLE MOTOR 3/4;18.00;activo
44.7.0;SENSOR FLUJO;22.00;activo
44.8.0;SENSOR PH;45.00;activo
44.9.0;SENSOR CLORO;55.00;activo
45.0.0;KIT DE INSTALACION BOMBA;25.00;activo
45.1.0;TUBO PVC 2;8.00;activo
45.2.0;CODO PVC 2;1.50;activo
45.3.0;TE PVC 2;2.50;activo
45.4.0;VALVULA ESFERA 2;12.00;activo
45.5.;BRIDA METALICA 2;6.00;activo
45.6.0;JUNTA BRIDA 2;1.20;activo
45.7.0;SOPORTE BRIDA 2;3.50;activo
45.8.0;"MANGUERA INDUSTRIAL 2\""";45.00;activo
45.9.0;"MANGUERA INDUSTRIAL 3\""";70.00;activo
46.0.0;SOPORTE MOTOR INDUSTRIAL;55.00;activo
46.1.0;POLEA INDUSTRIAL 100MM;18.00;activo
46.2.0;CORREA INDUSTRIAL 1000MM;22.00;activo
46.3.0;RODAMIENTO 6305;9.00;activo
46.4.0;RODAMIENTO 6310;14.00;activo
46.5.0;EJE INDUSTRIAL 20MM 1M;28.00;activo
46.6.0;ACOPLE RIGIDO 20MM;12.00;activo
46.7.0;SILENTBLOCK INDUSTRIAL 30MM;6.50;activo
46.8.0;KIT DE MANTENIMIENTO MOTOR;45.00;activo
46.9.0;BOMBA DE ACEITE 12V;35.00;activo
47.0.0;FILTRO ACEITE INDUSTRIAL;18.00;activo
47.1.0;JUNTA TAPA MOTOR;4.50;activo
47.2.0;TERMOSTATO INDUSTRIAL;32.00;activo
47.3.0;SENSOR TEMPERATURA PT100;28.00;activo
47.4.0;CONTROLADOR PID;85.00;activo
47.5.0;RELE DE POTENCIA 220V;12.00;activo
47.6.0;CONTACTOR 220V 3P;45.00;activo
47.7.0;PROTECTOR TERMICO 3A;3.50;activo
47.8.0;FUSIBLE CERAMICO 20A;0.80;activo
47.9.0;PORTAFUSIBLE INDUSTRIAL;4.50;activo
48.0.0;CABLE SILICONA 10MM 1M;3.50;activo
48.1.0;CABLE SILICONA 16MM 1M;6.50;activo
48.2.0;TERMINAL BATERIA 35MM;1.20;activo
48.3.0;PINZA BATERIA 600A;18.00;activo
48.4.0;CARGADOR INDUSTRIAL 24V;95.00;activo
48.5.0;REGULADOR CORRIENTE 30A;45.00;activo
48.6.0;INVERSOR SOLAR 3000W;420.00;activo
48.7.0;BATERIA GEL 12V 50AH;120.00;activo
48.8.0;BATERIA GEL 12V 200AH;480.00;activo
48.9.0;SOPORTE BATERIA METALICO;18.00;activo
49.0.0;KIT PANEL SOLAR 200W;240.00;activo
49.1.0;CONTROLADOR MPPT 40A;150.00;activo
49.2.0;CABLE SOLAR 10MM 1M;1.20;activo
49.3.0;CONECTOR MC4 HEMBRA;0.80;activo
49.4.0;CONECTOR MC4 MACHO;0.80;activo
49.5.0;SOPORTE PANEL SOLAR;25.00;activo
49.6.0;INVERTER 3000W;350.00;activo
49.7.0;MONITOR DE ENERGIA;60.00;activo
49.8.0;SENSOR CORRIENTE 100A;22.00;activo
49.9.0;KIT INSTALACION SOLAR;45.00;activo
50.0.0;KIT LIMPIEZA INYECTORES;12.00;activo
50.1.0;BOQUILLA PISTOLA 1.2MM;18.00;activo
50.2.0;BOQUILLA PISTOLA 1.6MM;20.00;activo
50.3.0;MANGUERA PISTOLA 5M;9.00;activo
50.4.0;REGULADOR AIRE 1/4;15.00;activo
50.5.0;MANOMETRO AIRE 0-10BAR;22.00;activo
50.6.0;ACOPLE RAPIDO 1/4;1.20;activo
50.7.0;MANGUERA PVC 1/2 10M;6.00;activo
50.8.0;MANGUERA PVC 3/4 10M;9.00;activo
50.9.0;MANGUERA PVC 1 10M;12.00;activo
51.0.0;SOPORTE MOTOR UNIVERSAL;18.00;activo
51.1.0;JUEGO DE RODAMIENTOS 6203;5.00;activo
51.2.0;JUEGO DE RODAMIENTOS 6204;6.00;activo
51.3.0;JUEGO DE RODAMIENTOS 6205;8.00;activo
51.4.0;SELLO MECANICO 20MM;7.50;activo
51.5.0;SELLO MECANICO 25MM;9.00;activo
51.6.0;JUNTA PLANAS 50MM;1.20;activo
51.7.0;JUNTA PLANAS 75MM;1.80;activo
51.8.0;JUNTA PLANAS 100MM;2.50;activo
51.9.0;CINTA TEFLON 48MM;1.20;activo
52.0.0;SOPORTE MOTOR 2HP;45.00;activo
52.1.0;SOPORTE MOTOR 3HP;60.00;activo
52.2.0;ACOPLE FLEXIBLE 3/4;12.00;activo
52.3.0;ACOPLE FLEXIBLE 1;15.00;activo
52.4.0;TUBO FLEXIBLE 1/2 3M;2.50;activo
52.5.0;TUBO FLEXIBLE 3/4 3M;3.50;activo
52.6.0;TUBO FLEXIBLE 1 3M;5.00;activo
52.7.0;SOPORTE BOMBA SUMERGIBLE;8.00;activo
52.8.0;KIT REPARACION BOMBA;14.00;activo
52.9.0;FLOTADOR NIVEL;6.50;activo
53.0.0;SENSOR TEMPERATURA PT100;18.00;activo
53.1.0;SENSOR TEMPERATURA K-TIPO;12.00;activo
53.2.0;CONTROLADOR PID 1/16 DIN;45.00;activo
53.3.0;RELE ESTADO SOLIDO 25A;22.00;activo
53.4.0;CONTACTOR 25A;28.00;activo
53.5.0;CONTACTOR 40A;35.00;activo
53.6.0;PROTECTOR TERMICO 10A;6.00;activo
53.7.0;PROTECTOR TERMICO 20A;8.00;activo
53.8.0;FUSIBLE CERAMICO 20A;0.80;activo
53.9.0;PORTAFUSIBLE 20A;1.50;activo
54.0.0;CABLE SILICONA 0.75MM 1M;0.60;activo
54.1.0;CABLE SILICONA 1.0MM 1M;0.80;activo
54.2.0;CABLE SILICONA 1.5MM 1M;1.20;activo
54.3.0;CABLE SILICONA 2.5MM 1M;1.80;activo
54.4.0;CABLE SILICONA 4.0MM 1M;2.50;activo
54.5.0;TERMINAL OJO 4MM (100UND);1.50;activo
54.6.0;TERMINAL OJO 6MM (100UND);2.00;activo
54.7.0;TERMINAL OJO 8MM (100UND);2.50;activo
54.8.0;TERMINAL OJO 10MM (100UND);3.00;activo
54.9.0;CINTA AISLANTE 33M;1.20;activo
55.0.0;CABLE UTP CAT5E 305M;45.00;activo
55.1.0;CABLE UTP CAT6 305M;65.00;activo
55.2.0;PATCH CORD CAT6 1M;1.20;activo
55.3.0;PATCH CORD CAT6 2M;1.80;activo
55.4.0;PATCH PANEL 12 PUERTOS;18.00;activo
55.5.0;PATCH PANEL 24 PUERTOS;28.00;activo
55.6.0;SOPORTE RACK 19 1U;6.00;activo
55.7.0;SOPORTE RACK 19 2U;10.00;activo
55.8.0;UPS 2000VA;320.00;activo
55.9.0;UPS 3000VA;480.00;activo
56.0.0;BATERIA GEL 12V 50AH;120.00;activo
56.1.0;BATERIA GEL 12V 75AH;160.00;activo
56.2.0;INVERSOR 12V 2000W;320.00;activo
56.3.0;INVERSOR 24V 3000W;520.00;activo
56.4.0;CONTROLADOR MPPT 40A;95.00;activo
56.5.0;SOPORTE PANEL SOLAR 100W;18.00;activo
56.6.0;CONECTOR MC4 HEMBRA;0.70;activo
56.7.0;CONECTOR MC4 MACHO;0.70;activo
56.8.0;CABLE SOLAR 10MM 1M;1.50;activo
56.9.0;CABLE SOLAR 16MM 1M;2.50;activo
57.0.0;SILICONA NEUTRA 100ML;1.00;activo
57.1.0;SILICONA ACETICA 300ML;2.50;activo
57.2.0;SELLADOR POLIURETANO 1L;12.00;activo
57.3.0;MASILLA POLIURETANO 1KG;9.00;activo
57.4.0;IMPRIMANTE ANTIOXIDANTE 1L;8.50;activo
57.5.0;PINTURA EPOXI 1L;22.00;activo
57.6.0;PINTURA EPOXI 4L;78.00;activo
57.7.0;CUBETA PINTURA 10L;4.50;activo
57.8.0;CUBETA PINTURA 20L;8.00;activo
57.9.0;CUBETA MEZCLADORA;12.00;activo
58.0.0;LIMPIADOR INDUSTRIAL 10L;25.00;activo
58.1.0;DESENGRASANTE 1L;6.00;activo
58.2.0;PAÑO INDUSTRIAL 10UND;3.50;activo
58.3.0;ESMALTE AEROSOL 400ML;4.50;activo
58.4.0;IMPRIMANTE SPRAY 400ML;5.00;activo
58.5.0;CINTA ANTIDESLIZANTE 5CMX5M;6.00;activo
58.6.0;SEÑALIZACION PVC 30X20;3.50;activo
58.7.0;SEÑALIZACION PVC 20X15;2.50;activo
58.8.0;KIT HERRAMIENTAS ELECTRICISTA;45.00;activo
58.9.0;KIT HERRAMIENTAS PLOMERO;40.00;activo
59.0.0;KIT HERRAMIENTAS ALBAÑIL;38.00;activo
59.1.0;KIT HERRAMIENTAS CARPINTERO;42.00;activo
59.2.0;BOLSA HERRAMIENTAS VACIA;12.00;activo
59.3.0;MALETIN HERRAMIENTAS 16;55.00;activo
59.4.0;MALETIN HERRAMIENTAS 24;75.00;activo
59.5.0;BANDEJA ORGANIZADORA 24 COMP;9.00;activo
59.6.0;BANDEJA ORGANIZADORA 48 COMP;14.00;activo
59.7.0;ETIQUETAS VINILO 50UND;2.50;activo
59.8.0;ETIQUETAS TERMICAS 100UND;6.00;activo
59.9.0;IMPRESORA ETIQUETAS TERMICA;120.00;activo
60.0.0;SOPORTE PARA TUBO 2;1.50;activo
60.1.0;ABRAZADERA INOX 2;0.80;activo
60.2.0;CODO PVC 90 1/2;0.60;activo
60.3.0;CODO PVC 90 3/4;0.80;activo
60.4.0;CODO PVC 90 1;1.00;activo
60.5.0;TE PVC 1/2;0.90;activo
60.6.0;TE PVC 3/4;1.20;activo
60.7.0;TE PVC 1;1.50;activo
60.8.0;REDUCCION PVC 3/4 A 1/2;0.70;activo
60.9.0;REDUCCION PVC 1 A 3/4;0.90;activo
61.0.0;VALVULA ESFERA PVC 1/2;3.50;activo
61.1.0;VALVULA ESFERA PVC 3/4;5.00;activo
61.2.0;VALVULA ESFERA PVC 1;7.00;activo
61.3.0;SOPORTE PARA GRIFO;1.20;activo
61.4.0;JUEGO DE SELLADO GRIFO;2.50;activo
61.5.0;KIT REPUESTO INODORO;6.00;activo
61.6.0;SIFON FLEXIBLE 40MM;4.00;activo
61.7.0;SIFON FLEXIBLE 50MM;5.50;activo
61.8.0;CONECTOR FLEXIBLE 1/2;1.80;activo
61.9.0;CONECTOR FLEXIBLE 3/4;2.50;activo
62.0.0;BOMBA MANUAL AGUA;18.00;activo
62.1.0;BOMBA DE PISCINA 1HP;220.00;activo
62.2.0;FILTRO ARENA 500MM;150.00;activo
62.3.0;CLORADOR TABLETAS 10KG;45.00;activo
62.4.0;TERMOSTATO PISCINA;35.00;activo
62.5.0;MALLA PISCINA 2M;12.00;activo
62.6.0;RED PISCINA 10M;8.00;activo
62.7.0;KIT LIMPIEZA PISCINA;28.00;activo
62.8.0;BOYA NIVEL;6.00;activo
62.9.0;SENSOR NIVEL PISCINA;45.00;activo
63.0.0;BARRA DE REFUERZO 1M;9.00;activo
63.1.0;BARRA DE REFUERZO 2M;16.00;activo
63.2.0;PERNO ANCLAJE 10MM;0.50;activo
63.3.0;PERNO ANCLAJE 12MM;0.80;activo
63.4.0;TUERCA HEX 10MM (100UND);6.00;activo
63.5.0;TUERCA HEX 12MM (100UND);8.00;activo
63.6.0;ARANDELA PLANA 10MM (100UND);2.50;activo
63.7.0;ARANDELA SPRING 10MM (100UND);3.00;activo
63.8.0;TACO QUIMICO 300ML;10.00;activo
63.9.0;ANCLAJE MECANICO 12MM;4.50;activo
64.0.0;SOPORTE ANGULAR 50X50;2.20;activo
64.1.0;SOPORTE ANGULAR 100X100;5.00;activo
64.2.0;PERFIL ALUMINIO 20X20 1M;4.50;activo
64.3.0;PERFIL ALUMINIO 40X40 1M;9.00;activo
64.4.0;CERRADURA ELECTRONICA;120.00;activo
64.5.0;LECTOR HUELLA USB;85.00;activo
64.6.0;TECLADO NUMERICO EXTERNO;12.00;activo
64.7.0;SENSOR MAGNETICO PUERTA;6.00;activo
64.8.0;SENSOR VIBRACION;9.00;activo
64.9.0;CABLE ALARMA 2X0.5 100M;18.00;activo
65.0.0;CENTRAL ALARMA 8 ZONAS;150.00;activo
65.1.0;SIRENA EXTERIOR 110DB;25.00;activo
65.2.0;TELEFONO ANALOGICO;18.00;activo
65.3.0;MODEM ROUTER ADSL;45.00;activo
65.4.0;ANTENA 4G EXTERIOR;55.00;activo
65.5.0;SIM DATA 4G;8.00;activo
65.6.0;CABLE COAXIAL RG59 50M;22.00;activo
65.7.0;CONECTOR F MACHO;0.40;activo
65.8.0;CONECTOR F HEMBRA;0.50;activo
65.9.0;SOPORTE ANTENA MASTIL;12.00;activo
66.0.0;BATERIA LITIO 12V 7AH;28.00;activo
66.1.0;BATERIA LITIO 12V 9AH;35.00;activo
66.2.0;BATERIA LITIO 12V 18AH;75.00;activo
66.3.0;CARGADOR BATERIA 12V 1A;9.00;activo
66.4.0;CARGADOR BATERIA 12V 10A;45.00;activo
66.5.0;REGULADOR CARGA 12V 10A;28.00;activo
66.6.0;SENSOR SOLAR IR;18.00;activo
66.7.0;CONTROL REMOTO 433MHZ;6.00;activo
66.8.0;RECEPTOR RF 433MHZ;8.00;activo
66.9.0;KIT CERRADURA WIFI;95.00;activo
67.0.0;BANDA ANTIDESLIZANTE 50MM;1.20;activo
67.1.0;BANDA ANTIDESLIZANTE 100MM;2.20;activo
67.2.0;SEÑAL PISO HUMEDAD;3.50;activo
67.3.0;SEÑAL PROHIBIDO FUMAR;2.00;activo
67.4.0;SEÑAL USO CASCO;2.50;activo
67.5.0;KIT SEÑALIZACION BASICO;12.00;activo
67.6.0;EXTINTOR ABC 6KG;85.00;activo
67.7.0;MANTENIMIENTO EXTINTOR;18.00;activo
67.8.0;SOPORTE EXTINTOR PARED;6.00;activo
67.9.0;KIT EVACUACION 10 PERSONAS;120.00;activo
68.0.0;BOTIQUIN VEHICULAR;18.00;activo
68.1.0;SEÑAL TRIANGULO EMERGENCIA;4.00;activo
68.2.0;CHALECO REFLECTANTE VEHICULAR;6.00;activo
68.3.0;CABLE ARRANQUE 400A;22.00;activo
68.4.0;GATO HIDRAULICO 2T;45.00;activo
68.5.0;LLAVE RUEDAS 17-19MM;8.00;activo
68.6.0;COMPRESOR 12V PORTATIL;55.00;activo
68.7.0;MANOMETRO NEUMATICO DIGITAL;18.00;activo
68.8.0;KIT REPARACION NEUMATICOS;12.00;activo
68.9.0;BOMBA AIRE ELECTRICA;35.00;activo
69.0.0;LLAVE CRUZ 17-19-21MM;12.00;activo
69.1.0;GATO MECÁNICO 1.5T;28.00;activo
69.2.0;GATO MECÁNICO 2T;35.00;activo
69.3.0;TRIÁNGULO DE SEGURIDAD;3.50;activo
69.4.0;CABLE DE REMOLQUE 3M;6.00;activo
69.5.0;CABLE DE REMOLQUE 5M;9.00;activo
69.6.0;BOMBA MANUAL PARA GASOLINA;8.00;activo
69.7.0;FUNDA PARA ASIENTO;4.00;activo
69.8.0;FUNDA PARA VOLANTE;3.00;activo
69.9.0;CEPILLO LIMPIA RINES;2.50;activo
70.0.0;SHAMPOO PARA AUTO 1L;4.50;activo
70.1.0;CERA PARA AUTO 300ML;5.00;activo
70.2.0;ESPONJA LAVADO AUTO;1.20;activo
70.3.0;PAÑO MICROFIBRA AUTO;1.50;activo
70.4.0;DESENGRASANTE MOTOR 1L;6.00;activo
70.5.0;LIMPIA PARABRISAS 500ML;2.50;activo
70.6.0;LIMPIA TAPICERÍA 1L;5.00;activo
70.7.0;AMBIENTADOR AUTO;1.00;activo
70.8.0;KIT LIMPIEZA AUTO;12.00;activo
70.9.0;CEPILLO INTERIOR AUTO;2.00;activo
71.0.0;ACEITE 20W50 1L;6.00;activo
71.1.0;ACEITE 10W30 1L;7.00;activo
71.2.0;ACEITE 5W30 1L;8.00;activo
71.3.0;ACEITE 5W40 1L;9.00;activo
71.4.0;ADITIVO LIMPIA INYECTORES;4.50;activo
71.5.0;ADITIVO OCTANOS;3.50;activo
71.6.0;REFRIGERANTE 1L;4.00;activo
71.7.0;REFRIGERANTE 4L;12.00;activo
71.8.0;AGUA DESTILADA 1L;1.20;activo
71.9.0;GRASA LITIO 200G;2.50;activo
72.0.0;GRASA GRAFITO 200G;3.00;activo
72.1.0;LUBRICANTE PENETRANTE 300ML;2.80;activo
72.2.0;LUBRICANTE SECO 300ML;3.20;activo
72.3.0;LIMPIA CONTACTOS 300ML;4.00;activo
72.4.0;LIMPIA CARBURADOR 300ML;3.50;activo
72.5.0;ESPUMA LIMPIADORA 500ML;4.50;activo
72.6.0;SILICONA SPRAY 300ML;3.50;activo
72.7.0;DESENGRASANTE SPRAY 400ML;4.00;activo
72.8.0;PINTURA ALTA TEMPERATURA 400ML;6.00;activo
72.9.0;PINTURA NEGRO MATE 400ML;5.00;activo
73.0.0;PINTURA BLANCO MATE 400ML;5.00;activo
73.1.0;PINTURA ROJO BRILLANTE 400ML;5.00;activo
73.2.0;PINTURA AZUL BRILLANTE 400ML;5.00;activo
73.3.0;PINTURA AMARILLO BRILLANTE 400ML;5.00;activo
73.4.0;PINTURA VERDE BRILLANTE 400ML;5.00;activo
73.5.0;PINTURA GRIS METÁLICO 400ML;6.00;activo
73.6.0;PINTURA CROMO 400ML;7.00;activo
73.7.0;PINTURA DORADO 400ML;7.00;activo
73.8.0;REMOVEDOR DE PINTURA 1L;8.00;activo
73.9.0;REMOVEDOR DE OXIDO 1L;7.00;activo
74.0.0;LIMPIADOR MULTIUSO 5L;10.00;activo
74.1.0;DESINFECTANTE 5L;12.00;activo
74.2.0;CLORO 5L;6.00;activo
74.3.0;JABÓN LÍQUIDO 5L;8.00;activo
74.4.0;DETERGENTE 5L;9.00;activo
74.5.0;SUAVIZANTE 5L;10.00;activo
74.6.0;LIMPIA VIDRIOS 5L;7.00;activo
74.7.0;DESENGRASANTE INDUSTRIAL 10L;18.00;activo
74.8.0;LIMPIADOR PISOS 5L;8.00;activo
74.9.0;LIMPIADOR CERÁMICA 5L;9.00;activo
75.0.0;DESINFECTANTE INDUSTRIAL 20L;22.00;activo
75.1.0;LIMPIADOR MULTIUSO 20L;20.00;activo
75.2.0;DETERGENTE INDUSTRIAL 20L;24.00;activo
75.3.0;SUAVIZANTE INDUSTRIAL 20L;26.00;activo
75.4.0;CLORO INDUSTRIAL 20L;18.00;activo
75.5.0;JABÓN LÍQUIDO INDUSTRIAL 20L;28.00;activo
75.6.0;DESENGRASANTE INDUSTRIAL 20L;32.00;activo
75.7.0;LIMPIADOR DESINFECTANTE 20L;30.00;activo
75.8.0;LIMPIADOR DE PISOS INDUSTRIAL 20L;25.00;activo
75.9.0;LIMPIADOR CERÁMICA INDUSTRIAL 20L;27.00;activo
76.0.0;BOLSA BASURA INDUSTRIAL 50UND;6.00;activo
76.1.0;BOLSA BASURA NEGRA 100UND;10.00;activo
76.2.0;BOLSA BASURA EXTRA RESISTENTE 50UND;8.00;activo
76.3.0;BOLSA BASURA 30L 50UND;4.00;activo
76.4.0;BOLSA BASURA 60L 50UND;5.00;activo
76.5.0;BOLSA BASURA 120L 25UND;6.50;activo
76.6.0;PAPEL TOALLA INDUSTRIAL 6UND;12.00;activo
76.7.0;PAPEL HIGIÉNICO INDUSTRIAL 12UND;10.00;activo
76.8.0;SERVILLETAS INDUSTRIALES 200UND;3.50;activo
76.9.0;PAÑOS INDUSTRIALES 50UND;6.00;activo
77.0.0;ESCOBA INDUSTRIAL;4.50;activo
77.1.0;COLECTOR INDUSTRIAL;3.50;activo
77.2.0;RECOGEDOR METÁLICO;2.50;activo
77.3.0;CEPILLO DE PISO INDUSTRIAL;5.00;activo
77.4.0;MOPA INDUSTRIAL;6.00;activo
77.5.0;BALDE INDUSTRIAL 20L;8.00;activo
77.6.0;CARRO DE LIMPIEZA INDUSTRIAL;45.00;activo
77.7.0;SEÑAL PISO MOJADO;3.00;activo
77.8.0;DISPENSADOR PAPEL TOALLA;12.00;activo
77.9.0;DISPENSADOR JABÓN LÍQUIDO;10.00;activo
78.0.0;DISPENSADOR PAPEL HIGIÉNICO;14.00;activo
78.1.0;JABONERA INDUSTRIAL;6.00;activo
78.2.0;CEPILLO DE MANO INDUSTRIAL;2.00;activo
78.3.0;CEPILLO DE ACERO INDUSTRIAL;3.50;activo
78.4.0;CEPILLO DE NYLON INDUSTRIAL;3.00;activo
78.5.0;ESPONJA INDUSTRIAL 10UND;4.00;activo
78.6.0;PAÑO MICROFIBRA INDUSTRIAL 10UND;5.00;activo
78.7.0;GUANTES INDUSTRIALES TALLA L;2.50;activo
78.8.0;GUANTES INDUSTRIALES TALLA XL;2.80;activo
78.9.0;GUANTES INDUSTRIALES TALLA M;2.20;activo
79.0.0;MASCARILLA INDUSTRIAL N95;1.20;activo
79.1.0;MASCARILLA INDUSTRIAL P100;2.50;activo
79.2.0;RESPIRADOR INDUSTRIAL DOBLE FILTRO;18.00;activo
79.3.0;FILTRO RESPIRADOR P100;6.00;activo
79.4.0;FILTRO RESPIRADOR P95;5.00;activo
79.5.0;PROTECTOR AUDITIVO INDUSTRIAL;3.50;activo
79.6.0;PROTECTOR FACIAL INDUSTRIAL;6.00;activo
79.7.0;LENTES DE SEGURIDAD INDUSTRIAL;3.00;activo
79.8.0;CASCO INDUSTRIAL;8.00;activo
79.9.0;CASCO INDUSTRIAL CON VISOR;12.00;activo
80.0.0;GUANTES DE LATEX 100UND;5.00;activo
80.1.0;GUANTES DE NITRILO 100UND;8.00;activo
80.2.0;GUANTES DE VINILO 100UND;7.00;activo
80.3.0;ALCOHOL ISOPROPILICO 1L;6.00;activo
80.4.0;ALCOHOL ISOPROPILICO 4L;20.00;activo
80.5.0;GEL ANTIBACTERIAL 1L;4.50;activo
80.6.0;GEL ANTIBACTERIAL 4L;16.00;activo
80.7.0;TERMOMETRO INFRARROJO;18.00;activo
80.8.0;TERMOMETRO DIGITAL CLÍNICO;4.00;activo
80.9.0;OXIMETRO DIGITAL;12.00;activo
81.0.0;MASCARILLA QUIRURGICA 50UND;2.50;activo
81.1.0;MASCARILLA KN95 10UND;3.50;activo
81.2.0;PROTECTOR FACIAL TRANSPARENTE;3.00;activo
81.3.0;BATA DESECHABLE;2.50;activo
81.4.0;GORRO DESECHABLE 100UND;2.00;activo
81.5.0;CUBREZAPATOS 100UND;2.50;activo
81.6.0;TOALLAS HUMEDAS 80UND;1.80;activo
81.7.0;TOALLAS HUMEDAS INDUSTRIALES 50UND;3.50;activo
81.8.0;JABON ANTIBACTERIAL 1L;3.50;activo
81.9.0;JABON ANTIBACTERIAL 4L;12.00;activo
82.0.0;DESINFECTANTE SPRAY 300ML;3.50;activo
82.1.0;DESINFECTANTE SPRAY 500ML;4.50;activo
82.2.0;LIMPIADOR ANTIBACTERIAL 1L;3.00;activo
82.3.0;LIMPIADOR ANTIBACTERIAL 4L;10.00;activo
82.4.0;PAÑOS DESINFECTANTES 100UND;4.00;activo
82.5.0;PAÑOS DESINFECTANTES 200UND;7.00;activo
82.6.0;ASPIRADORA INDUSTRIAL 20L;85.00;activo
82.7.0;ASPIRADORA INDUSTRIAL 30L;120.00;activo
82.8.0;ASPIRADORA INDUSTRIAL 60L;220.00;activo
82.9.0;HIDROLAVADORA 1400W;95.00;activo
83.0.0;HIDROLAVADORA 1800W;140.00;activo
83.1.0;HIDROLAVADORA 2200W;180.00;activo
83.2.0;ESCOBA METÁLICA;3.50;activo
83.3.0;ESCOBA PLÁSTICA;2.50;activo
83.4.0;ESCOBA DE CEDRO;4.00;activo
83.5.0;RECOGEDOR PLÁSTICO;1.50;activo
83.6.0;RECOGEDOR METÁLICO;2.50;activo
83.7.0;CEPILLO DE MANO;1.20;activo
83.8.0;CEPILLO DE ACERO;2.50;activo
83.9.0;CEPILLO DE NYLON;2.00;activo
84.0.0;MOPA ALGODÓN;3.50;activo
84.1.0;MOPA MICROFIBRA;4.00;activo
84.2.0;BALDE 10L;2.50;activo
84.3.0;BALDE 20L;4.00;activo
84.4.0;CARRO MOPA INDUSTRIAL;45.00;activo
84.5.0;CARRO DE LIMPIEZA PROFESIONAL;85.00;activo
84.6.0;SEÑAL PISO MOJADO INDUSTRIAL;4.00;activo
84.7.0;DISPENSADOR JABÓN AUTOMÁTICO;18.00;activo
84.8.0;DISPENSADOR PAPEL TOALLA AUTOMÁTICO;25.00;activo
84.9.0;DISPENSADOR PAPEL HIGIÉNICO AUTOMÁTICO;28.00;activo
85.0.0;PAPEL TOALLA PREMIUM 6UND;14.00;activo
85.1.0;PAPEL HIGIÉNICO PREMIUM 12UND;12.00;activo
85.2.0;SERVILLETAS PREMIUM 200UND;4.50;activo
85.3.0;PAÑOS MICROFIBRA PREMIUM 10UND;6.00;activo
85.4.0;LIMPIADOR MULTIUSO PREMIUM 1L;4.50;activo
85.5.0;DESINFECTANTE PREMIUM 1L;5.00;activo
85.6.0;DETERGENTE PREMIUM 1L;4.50;activo
85.7.0;SUAVIZANTE PREMIUM 1L;5.00;activo
85.8.0;LIMPIA VIDRIOS PREMIUM 1L;4.00;activo
85.9.0;LIMPIADOR PISOS PREMIUM 1L;4.50;activo
86.0.0;DESINFECTANTE PREMIUM 4L;14.00;activo
86.1.0;DETERGENTE PREMIUM 4L;12.00;activo
86.2.0;SUAVIZANTE PREMIUM 4L;14.00;activo
86.3.0;LIMPIA VIDRIOS PREMIUM 4L;12.00;activo
86.4.0;LIMPIADOR PISOS PREMIUM 4L;13.00;activo
86.5.0;LIMPIADOR MULTIUSO PREMIUM 4L;12.00;activo
86.6.0;CLORO PREMIUM 4L;10.00;activo
86.7.0;JABÓN LÍQUIDO PREMIUM 4L;14.00;activo
86.8.0;DESENGRASANTE PREMIUM 4L;16.00;activo
86.9.0;LIMPIADOR CERÁMICA PREMIUM 4L;13.00;activo
87.0.0;PAÑO MICROFIBRA PROFESIONAL;2.50;activo
87.1.0;PAÑO INDUSTRIAL ABSORBENTE;3.00;activo
87.2.0;ESPONJA DOBLE ACCIÓN;1.00;activo
87.3.0;ESPONJA INDUSTRIAL 5UND;3.50;activo
87.4.0;CEPILLO MULTIUSO PROFESIONAL;2.50;activo
87.5.0;CEPILLO DE ACERO PROFESIONAL;3.50;activo
87.6.0;CEPILLO DE NYLON PROFESIONAL;3.00;activo
87.7.0;ESCOBA PROFESIONAL;4.50;activo
87.8.0;ESCOBA INDUSTRIAL REFORZADA;6.00;activo
87.9.0;RECOGEDOR PROFESIONAL;2.50;activo
88.0.0;RECOGEDOR INDUSTRIAL METÁLICO;3.50;activo
88.1.0;MOPA PROFESIONAL ALGODÓN;4.50;activo
88.2.0;MOPA PROFESIONAL MICROFIBRA;5.00;activo
88.3.0;BALDE PROFESIONAL 15L;3.50;activo
88.4.0;BALDE PROFESIONAL 25L;5.50;activo
88.5.0;CARRO DE LIMPIEZA INDUSTRIAL PRO;95.00;activo
88.6.0;CARRO MOPA INDUSTRIAL PRO;65.00;activo
88.7.0;SEÑAL PISO MOJADO PRO;5.00;activo
88.8.0;DISPENSADOR JABÓN INDUSTRIAL;14.00;activo
88.9.0;DISPENSADOR PAPEL TOALLA INDUSTRIAL;18.00;activo
89.0.0;DISPENSADOR PAPEL HIGIÉNICO INDUSTRIAL;20.00;activo
89.1.0;TOALLAS HUMEDAS PROFESIONALES 100UND;5.00;activo
89.2.0;TOALLAS HUMEDAS PROFESIONALES 200UND;8.00;activo
89.3.0;GUANTES PROFESIONALES TALLA M;3.00;activo
89.4.0;GUANTES PROFESIONALES TALLA L;3.20;activo
89.5.0;GUANTES PROFESIONALES TALLA XL;3.50;activo
89.6.0;MASCARILLA PROFESIONAL N95;1.50;activo
89.7.0;MASCARILLA PROFESIONAL P100;3.00;activo
89.8.0;RESPIRADOR PROFESIONAL DOBLE FILTRO;22.00;activo
89.9.0;FILTRO PROFESIONAL P100;7.00;activo
90.0.0;FILTRO PROFESIONAL P95;6.00;activo
90.1.0;PROTECTOR AUDITIVO PREMIUM;4.00;activo
90.2.0;PROTECTOR FACIAL PREMIUM;7.00;activo
90.3.0;LENTES DE SEGURIDAD PREMIUM;4.00;activo
90.4.0;CASCO PREMIUM;10.00;activo
90.5.0;CASCO PREMIUM CON VISOR;14.00;activo
90.6.0;GUANTES PREMIUM TALLA M;3.50;activo
90.7.0;GUANTES PREMIUM TALLA L;3.80;activo
90.8.0;GUANTES PREMIUM TALLA XL;4.00;activo
90.9.0;MASCARILLA PREMIUM N95;1.80;activo
91.0.0;MASCARILLA PREMIUM P100;3.50;activo
91.1.0;RESPIRADOR PREMIUM DOBLE FILTRO;25.00;activo
91.2.0;FILTRO PREMIUM P100;8.00;activo
91.3.0;FILTRO PREMIUM P95;7.00;activo
91.4.0;KIT SEGURIDAD PREMIUM;35.00;activo
91.5.0;KIT PROTECCIÓN INDUSTRIAL;45.00;activo
91.6.0;KIT PROTECCIÓN PROFESIONAL;55.00;activo
91.7.0;KIT PROTECCIÓN AVANZADA;65.00;activo
91.8.0;KIT EMERGENCIA INDUSTRIAL;85.00;activo
91.9.0;KIT EMERGENCIA PROFESIONAL;95.00;activo
92.0.0;BOTIQUÍN INDUSTRIAL PREMIUM;45.00;activo
92.1.0;BOTIQUÍN PROFESIONAL PREMIUM;55.00;activo
92.2.0;BOTIQUÍN AVANZADO PREMIUM;65.00;activo
92.3.0;BOTIQUÍN EMPRESARIAL PREMIUM;75.00;activo
92.4.0;BOTIQUÍN VEHICULAR PREMIUM;25.00;activo
92.5.0;BOTIQUÍN HOGAR PREMIUM;20.00;activo
92.6.0;BOTIQUÍN OFICINA PREMIUM;30.00;activo
92.7.0;BOTIQUÍN ESCOLAR PREMIUM;18.00;activo
92.8.0;BOTIQUÍN PRIMEROS AUXILIOS PREMIUM;28.00;activo
92.9.0;BOTIQUÍN PRIMER RESPONDEDOR;95.00;activo
93.0.0;EXTINTOR PREMIUM 2KG;55.00;activo
93.1.0;EXTINTOR PREMIUM 5KG;85.00;activo
93.2.0;EXTINTOR PREMIUM 10KG;120.00;activo
93.3.0;EXTINTOR PREMIUM 20KG;180.00;activo
93.4.0;SOPORTE EXTINTOR PREMIUM;8.00;activo
93.5.0;SEÑAL EXTINTOR PREMIUM;3.00;activo
93.6.0;SEÑAL EMERGENCIA PREMIUM;4.00;activo
93.7.0;SEÑAL SALIDA PREMIUM;4.00;activo
93.8.0;SEÑAL PISO MOJADO PREMIUM;5.00;activo
93.9.0;SEÑAL PROHIBIDO FUMAR PREMIUM;3.00;activo
94.0.0;SEÑAL USO OBLIGATORIO CASCO PREMIUM;3.50;activo
94.1.0;SEÑAL USO OBLIGATORIO GUANTES PREMIUM;3.50;activo
94.2.0;SEÑAL USO OBLIGATORIO LENTES PREMIUM;3.50;activo
94.3.0;SEÑAL USO OBLIGATORIO BOTAS PREMIUM;3.50;activo
94.4.0;SEÑAL RUTA EVACUACIÓN PREMIUM;4.50;activo
94.5.0;SEÑAL PUNTO ENCUENTRO PREMIUM;4.50;activo
94.6.0;SEÑAL SALIDA EMERGENCIA PREMIUM;5.00;activo
94.7.0;SEÑAL INCENDIO PREMIUM;4.00;activo
94.8.0;SEÑAL PRIMEROS AUXILIOS PREMIUM;4.00;activo
94.9.0;SEÑAL BOTIQUÍN PREMIUM;4.00;activo
95.0.0;BOTAS DE SEGURIDAD PREMIUM TALLA 40;45.00;activo
95.1.0;BOTAS DE SEGURIDAD PREMIUM TALLA 41;46.00;activo
95.2.0;BOTAS DE SEGURIDAD PREMIUM TALLA 42;47.00;activo
95.3.0;BOTAS DE SEGURIDAD PREMIUM TALLA 43;48.00;activo
95.4.0;BOTAS DE SEGURIDAD PREMIUM TALLA 44;49.00;activo
95.5.0;BOTAS DE SEGURIDAD PREMIUM TALLA 45;50.00;activo
95.6.0;ZAPATOS DE SEGURIDAD PREMIUM TALLA 40;38.00;activo
95.7.0;ZAPATOS DE SEGURIDAD PREMIUM TALLA 41;39.00;activo
95.8.0;ZAPATOS DE SEGURIDAD PREMIUM TALLA 42;40.00;activo
95.9.0;ZAPATOS DE SEGURIDAD PREMIUM TALLA 43;41.00;activo
96.0.0;ZAPATOS DE SEGURIDAD PREMIUM TALLA 44;42.00;activo
96.1.0;ZAPATOS DE SEGURIDAD PREMIUM TALLA 45;43.00;activo
96.2.0;ARNÉS DE SEGURIDAD PREMIUM;55.00;activo
96.3.0;ARNÉS DE SEGURIDAD INDUSTRIAL;65.00;activo
96.4.0;ARNÉS DE SEGURIDAD PROFESIONAL;75.00;activo
96.5.0;LÍNEA DE VIDA 1.5M;18.00;activo
96.6.0;LÍNEA DE VIDA 2M;22.00;activo
96.7.0;LÍNEA DE VIDA 3M;28.00;activo
96.8.0;MOSQUETÓN DE SEGURIDAD 22KN;6.00;activo
96.9.0;MOSQUETÓN DE SEGURIDAD 30KN;8.00;activo
97.0.0;CUERDA DE SEGURIDAD 10M;12.00;activo
97.1.0;CUERDA DE SEGURIDAD 20M;20.00;activo
97.2.0;CUERDA DE SEGURIDAD 30M;28.00;activo
97.3.0;CUERDA DE SEGURIDAD 50M;45.00;activo
97.4.0;ARNÉS ANTICAÍDAS PREMIUM;85.00;activo
97.5.0;KIT ANTICAÍDAS INDUSTRIAL;120.00;activo
97.6.0;KIT ANTICAÍDAS PROFESIONAL;140.00;activo
97.7.0;KIT ANTICAÍDAS AVANZADO;160.00;activo
97.8.0;KIT TRABAJO EN ALTURAS;180.00;activo
97.9.0;KIT RESCATE INDUSTRIAL;220.00;activo
98.0.0;KIT RESCATE PROFESIONAL;260.00;activo
98.1.0;KIT RESCATE AVANZADO;320.00;activo
98.2.0;KIT EVACUACIÓN PROFESIONAL;180.00;activo
98.3.0;KIT EVACUACIÓN AVANZADO;220.00;activo
98.4.0;KIT EVACUACIÓN INDUSTRIAL;160.00;activo
98.5.0;SEÑAL TRABAJO EN ALTURAS;4.00;activo
98.6.0;SEÑAL RIESGO ELÉCTRICO;4.00;activo
98.7.0;SEÑAL RIESGO QUÍMICO;4.00;activo
98.8.0;SEÑAL RIESGO MECÁNICO;4.00;activo
98.9.0;SEÑAL RIESGO BIOLÓGICO;4.00;activo
99.0.0;SEÑAL RIESGO EXPLOSIVO;4.00;activo
99.1.0;SEÑAL RIESGO INFLAMABLE;4.00;activo
99.2.0;SEÑAL RIESGO RADIACIÓN;4.00;activo
99.3.0;SEÑAL RIESGO LÁSER;4.00;activo
99.4.0;SEÑAL RIESGO ALTA TEMPERATURA;4.00;activo
99.5.0;SEÑAL RIESGO BAJA TEMPERATURA;4.00;activo
99.6.0;SEÑAL RIESGO CAÍDA OBJETOS;4.00;activo
99.7.0;SEÑAL RIESGO ATRAPAMIENTO;4.00;activo
99.8.0;SEÑAL RIESGO CORTE;4.00;activo
99.9.0;SEÑAL RIESGO RESBALÓN;4.00;activo
